[
    {   "id":1,
        "name": "tabla periódica porta lápices ",
        "autor": "Por Mendeleyev",
        "price":1200,
        "category": "portalapices",
        "description": "porta lápices tabla periódica",
        "image": "tabla-periodica-penholder.jpg",
        "novedad": true,
        "ventas":100

    },

    {   "id":2,
        "name": "Taza número Pi",
        "autor": "Por William Jones",
        "price":1200,
        "category": "taza",
        "description": "3,14",
        "image": "taza-pi.jpg",
        "novedad": true,
        "ventas":100

    },
    {   "id":3,
        "name": "Taza Python",
        "autor": "Por Guido van Rossum",
        "price":1200,
        "category": "taza",
        "description": "Taza Python",
        "image": "taza-python.jpg",
        "novedad": true,
        "ventas":100

    },
    {   "id":4,
        "name": "brazalete anti estrés",
        "autor": "Por Bugga",
        "price":1000,
        "category": "gadget",
        "description": "brazalete anti estrés deluxe",
        "image": "brazakete-anti-estres.jpg",
        "novedad": true,
        "ventas":100

    },
    {   "id":5,
        "name": "Masters of Doom",
        "autor": "David Kushner",
        "price":3200,
        "category": "libro",
        "description": "Cómo dos chabones crearon un imperio y transformaron la cultura pop",
        "image": "masters-doom.jpg",
        "novedad": true,
        "ventas":100

    },
    {   "id":6,
        "name": "Taza CSS",
        "autor": "Por Bugga",
        "price":1200,
        "category": "taza",
        "description": "CSS is my passion",
        "image": "taza-css-is-awesome.jpg",
        "novedad": true,
        "ventas":100

    },

    {   "id":7,
        "name": "Calentador para taza USB",
        "autor": "Por Bugga",
        "price":2200,
        "category": "gadget",
        "description": "calentador para tazas USB deluxe",
        "image": "calentador-taza.jpg",
        "novedad": true,
        "ventas":100

    },

    {   "id":8,
        "name": "Taza Corazón de Pixel",
        "autor": "Por Bugga",
        "price":1200,
        "category": "taza",
        "description": "taza corazón de pixel deluxe",
        "image": "taza-pixel-heart-red.jpg",
        "novedad": true,
        "ventas":100

    },

    {   "id":9,
        "name": "Among the beasts",
        "autor": "Por Ashley Poston",
        "price":3200,
        "category": "libro",
        "description": "Cerca de las tiasbes, un libro apasionante acerca de las bestias",
        "image": "among-the-beasts.jpg",
        "novedad": true,
        "ventas":100

    },

    {   "id":10,
        "name": "The Banished Island",
        "autor": "Por Austin Ben",
        "price":3200,
        "category": "libro",
        "description": "La isla transparente",
        "image": "the-banished-island.jpg",
        "novedad": true,
        "ventas":100

    },

    {   "id":11,
        "name": "Rutting Season",
        "autor": "Por Madeliene Smith",
        "price":2304,
        "category": "libro",
        "description": "La primavera de Agatis",
        "image": "rutting-season.jpg",
        "novedad": true,
        "ventas":100

    },

    {   "id":12,
        "name": "The year after you",
        "autor": "Nina de pass",
        "price":2000,
        "category": "libro",
        "description": "Pase usted, después de usted",
        "image": "the-year-after-you.jpg",
        "novedad": true,
        "ventas":100

    },

    {   "id":13,
        "name": "The secret garden",
        "autor": "Por Francés Burnet",
        "price":2304,
        "category": "libro",
        "description": "el Jardín que no es secreto",
        "image": "the-secret-garden.jpg",
        "novedad": true,
        "ventas":100

    },

    {   "id":14,
        "name": "The visionist",
        "autor": "Por Raquel Urquhart ",
        "price":1200,
        "category": "libro",
        "description": "El revisionista",
        "image": "the-visionist.jpg",
        "novedad": true,
        "ventas":100

    },

    {   "id":15,
        "name": "Organizador 7 compartimientos",
        "autor": "Por Bugga",
        "price":1200,
        "category": "gadget",
        "description": "Organizador Deluxe para quedar como un Duque",
        "image": "organizador-7-compartimientos.png",
        "novedad": true,
        "ventas":100

    },

    {   "id":16,
        "name": "Escaner Portatil",
        "autor": "Por Brother",
        "price": 10000,
        "category": "gadget",
        "description": "Escaner portatil 4x4 HD HQ DELUXE",
        "image": "escaner-portatil.jpg",
        "novedad": true,
        "ventas":100

    },

    {   "id":17,
        "name": "1001 Relojes de pulsera",
        "autor": "Por Martin Haussermann",
        "price":14000,
        "category": "libro",
        "description": "Un libro para regalar y quedar bien",
        "image": "relojes-pulsera-libro.jpg",
        "novedad": true,
        "ventas":100

    },

    {   "id":18,
        "name": "Bauhaus",
        "autor": "Por Magdalena Drosde",
        "price":3400,
        "category": "libro",
        "description": "Bauhaus 1919-1933",
        "image": "bauhaus-taschen.png",
        "novedad": true,
        "ventas":100

    },

    {   "id":19,
        "name": "Ventilador USB",
        "autor": "Por Bugga",
        "price":3000,
        "category": "gadget",
        "description": "Ventilador USB para el veranito",
        "image": "ventilador-usb.jpg",
        "novedad": true,
        "ventas":100

    },

    {   "id":20,
        "name": "Reloj Geek",
        "autor": "Por Bugga",
        "price":1200,
        "category": "gadget",
        "description": "Reloj para calcular la hora",
        "image": "reloj-geek.jpg",
        "novedad": true,
        "ventas":100

    },
]